{"cameraMode":{"drawMode":0,"name":"Shaded","section":"Shading Mode"},"sceneLighting":true,"audioPlay":false,"sceneViewState":{"m_AlwaysRefresh":false,"showFog":true,"showSkybox":true,"showFlares":true,"showImageEffects":true,"showParticleSystems":true,"showVisualEffectGraphs":true,"m_FxEnabled":true},"in2DMode":false,"pivot":{"x":0.625647783279419,"y":0.5075879096984863,"z":0.396881103515625},"rotation":{"x":-0.13701274991035462,"y":0.18078641593456269,"z":-0.025441663339734079,"w":-0.9736018776893616},"size":4.956171989440918,"orthographic":false}