{"cameraMode":{"drawMode":0,"name":"Shaded","section":"Shading Mode"},"sceneLighting":true,"audioPlay":false,"sceneViewState":{"m_AlwaysRefresh":false,"showFog":true,"showSkybox":true,"showFlares":true,"showImageEffects":true,"showParticleSystems":true,"showVisualEffectGraphs":true,"m_FxEnabled":true},"in2DMode":false,"pivot":{"x":-3.1762514114379885,"y":1.0428096055984498,"z":0.7348397374153137},"rotation":{"x":0.15380676090717317,"y":0.1397048532962799,"z":-0.02197280526161194,"w":0.9779301285743713},"size":3.762016534805298,"orthographic":false}